id,label,link,organization_type,domains,activities,intervention_focuses,location_hints,focuses_on_gcbrs,category_trail,description,created_at,notion_url
21,"1Day Sooner",https://www.1daysooner.org,"International non-profit organization",Governance,"Outreach & Advocacy ; Research","Vaccines ; Therapeutics ; Indoor air quality","United Kingdom ; USA",yes,"Response > Medical countermeasures","1Day Sooner is a nonprofit that supports people who participate in high-impact medical studies and advances human challenge trials. Its work now spans advocacy campaigns, research and ethics, pandemic preparedness, and a global network for controlled human infection studies.",2024-03-01T13:30:00+00:00,https://notion.so/97607f155f0047a5a1cfbd22e3953de0
134,"80,000 Hours",https://80000hours.org,"International non-profit organization","Technical ; Governance","Education & Career",,"United Kingdom ; London ; Remote",yes,"Transversal > Education","80,000 Hours provides research and support to help students and recent graduates move into careers that effectively tackle the world’s most pressing problems. They offer online guides, a podcast, a job board, and individualised career advice.",2024-05-10T09:16:00+00:00,https://notion.so/f4ec1b5643434ea996c95c2e85d502a5
232,Aclid,https://www.aclid.bio,"For-profit company",Technical,"Technology development","Synthetic biology ; DNA synthesis","USA ; New York City",yes,Detection,"Aclid provides an end-to-end platform for biosafety and biosecurity automation, including sequence screening, research verification and compliance workflows for synthetic DNA/RNA providers and researchers working with recombinant products.",2024-11-09T15:11:00+00:00,https://notion.so/d4a3dfed99554fd79566accd37ee213c
196,"Active Site",https://activesite.org,"National non-profit organization",Technical,"Research ; Technology development","AI x Bio risks ; Synthetic biology","USA ; Cambridge MA",yes,"Prevention > Preventing production & release","Active Site (formerly Panoplia Laboratories) is a nonprofit research organization that measures how frontier technologies, including large language models and laboratory automation, affect capabilities in synthetic biology and experimental laboratory work.",2024-10-09T14:33:00+00:00,https://notion.so/cfc5a461a2d4406cbb3f0cc05690f083
255,"Advanced Research + Invention Agency (ARIA)",https://aria.org.uk/opportunity-spaces/programmable-physiology,Government,Technical,"Funding ; Research",Therapeutics,"United Kingdom ; London",yes,"Response > Medical countermeasures","ARIA is a UK government research agency that funds high-risk, high-reward programmes. Its Programmable Physiology portfolio includes Sustained Viral Resilience and Precision Mitochondria, aiming to read, model and modulate human physiology at system scale.",2025-11-03T17:03:00+00:00,https://notion.so/2a04061a75b7807ea239db9fd5e89748
150,"Advanced Research Projects Agency for Health (ARPA-H)",https://arpa-h.gov/,Government,Technical,"Research ; Funding","Vaccines ; Therapeutics ; Indoor air quality ; Cyberbiosecurity ; Dual-use research of concern","USA ; Remote",yes,Response,"The Advanced Research Projects Agency for Health (ARPA-H) is a research funding agency that supports transformative biomedical and health breakthroughs – ranging from the molecular to the societal – to provide health solutions for all.",2024-05-24T07:43:00+00:00,https://notion.so/e29af53e4e1a4e5f9f91367450da8aeb
88,"Alliance to Feed the Earth in Disasters (ALLFED)",https://allfed.info/,"Research institute / lab / network","Technical ; Governance","Research ; Policy development","Supply chain disruption","Global ; Remote",yes,Response,"ALLFED seeks to identify various resilient food solutions and to help governments and companies implement these solutions to feed everyone in the event of a global catastrophe.",2024-04-19T07:01:00+00:00,https://notion.so/96ba39dbe0b1436bb8f983156418b84f
290,"Amodo Design",https://amododesign.com,"For-profit company",Technical,"Technology development ; Research","Personal protective equipment ; Indoor air quality ; Vaccines","United Kingdom ; London ; Sheffield",yes,"Response > Non-medical countermeasures","Amodo Design is a UK hardware engineering consultancy that applies the physical sciences to biosecurity, alongside AI security and accelerating science. It co-developed the RAND report Physical Approaches to Civilian Biodefense and runs a multi-year R&D programme on respiratory PPE, air purification and Far-UV decontamination, building-scale biodefense, and automated RNA vaccine production, in partnership with Oxford, Sheffield and RAND.",2026-09-28T09:28:00+00:00,https://notion.so/3e94061a75b781f69fe3fd254659906d
247,"Argonne National Laboratory (ANL)",https://www.anl.gov,"Research institute / lab / network",Technical,"Research ; Technology development","Biological weapons ; Pathogen surveillance ; Therapeutics ; Epidemiology","USA ; Chicago IL",no,Response,"Argonne National Laboratory (ANL), established in 1946, is a leading U.S. research institution focusing on scientific discovery and technological innovation. In biosecurity, ANL employs computational and experimental tools to detect engineered biological systems and monitor disease spread.",2024-11-21T17:50:00+00:00,https://notion.so/a51f3db659bf42c4af7886fe61eced80
209,"Asia Centre for Health Security",https://asia-chs.org,"International non-profit organization","Technical ; Governance","Policy development ; Outreach & Advocacy ; Education & Career ; Coordination","Dual-use research of concern ; Pathogen surveillance ; Lab biosafety ; AI x Bio risks ; DNA synthesis","Middle East ; East Asia & Pacific ; Central Asia ; South Asia ; Singapore",yes,Prevention,"Asia Centre for Health Security (ACHS) works to improve Asia’s readiness for catastrophic biological threats through scientific evidence, gaining knowledge and expertise, and building strategic partnerships, contributing to effective policy-making and biosecurity practices in Asia. They run the ACHS Fellowship Program.",2024-10-12T08:40:00+00:00,https://notion.so/90211f09e38a40fcb804f3d728dd8c77
177,"Asimov Press",https://press.asimov.com,Media,"Technical ; Governance","Outreach & Advocacy ; Funding","Synthetic biology","USA ; Remote ; San Francisco CA ; New York City",no,"Transversal > Financing","Asimov Press is a publication focused on deep reporting, original investigations and essays about biotechnology and scientific progress. Its thesis-driven model also supports promising ideas through microgrants, workshops, events and fundraising assistance in partnership with Renaissance Philanthropy.",2024-06-23T16:42:00+00:00,https://notion.so/2335894487354d05a81eab43e32beadf
89,"Association for Long Term Existence and Resilience (ALTER)",https://alter.org.il,"National non-profit organization","Technical ; Governance","Research ; Outreach & Advocacy","Pathogen surveillance ; Crisis management ; Epidemiology","Middle East ; Israel",yes,"Transversal > Information","ALTER investigates, demonstrates, and fosters useful ways to improve the future in the short term, and to safeguard and improve the long-term trajectory of humanity.",2024-04-19T07:15:00+00:00,https://notion.so/d5d13f0eb68645b9a7af63b49e8c10dc
198,"Australia Group",https://www.dfat.gov.au/publications/minisite/theaustraliagroupnet/site/en/index.html,"Intergovernmental entity",Governance,"Policy development ; Outreach & Advocacy ; Coordination","Dual-use research of concern ; Biological weapons","Australia ; Global ; East Asia & Pacific",yes,Prevention,"The Australia Group is an informal forum of countries which, through the harmonisation of export controls, seeks to ensure that exports do not contribute to the development of chemical or biological weapons.",2024-10-12T08:13:00+00:00,https://notion.so/eac6b0048d1b4007b8bf357cce9cab7d
68,Battelle,https://www.battelle.org,"International non-profit organization","Technical ; Governance","Research ; Technology development ; Policy development","Biological weapons ; DNA synthesis ; Vaccines ; Therapeutics ; Rapid diagnostics ; Pathogen surveillance ; Epidemiology","USA ; United Kingdom",no,"Response > Medical countermeasures","Battelle is an independent nonprofit science and technology organization with 96 years of experience, including work in biodefense, biosurveillance and biological-threat readiness.",2024-03-29T09:51:00+00:00,https://notion.so/d17b135379eb4b9da9f494e915f7b6a1
262,"Bio-Responsibility Initiative @ the Centre for Society and Policy, Indian Institute of Science",https://bio-responsibility.in,"Research institute / lab / network",Governance,"Research ; Policy development ; Outreach & Advocacy ; Education & Career","AI x Bio risks ; Dual-use research of concern ; Synthetic biology ; Biological weapons ; Lab biosafety ; Cyberbiosecurity","South Asia ; India ; Bengaluru",yes,Prevention,"The Bio-Responsibility Initiative is a policy research, training, and engagement programme at the Centre for Society and Policy, Indian Institute of Science, focused on strengthening India’s capacity to govern emerging biological risks, including risks from AI–bio convergence, synthetic biology, cyber-biosecurity, dual-use research, gain-of-function research, accidental misuse, deliberate misuse, and global pandemics.",2026-06-05T09:36:00+00:00,https://notion.so/3764061a75b781a18c35fa3c6d2d8ce3
271,"Biomedical Alliance in Europe (BioMed Alliance)",https://www.biomedeurope.org,"International non-profit organization",Governance,"Policy development ; Coordination","Therapeutics ; Rapid diagnostics","Europe (excl. UK) ; Brussels",no,"Response > Medical countermeasures","The Biomedical Alliance in Europe (BioMed Alliance) is a nonprofit umbrella organization representing 30+ European medical and scientific societies. It promotes excellence in biomedical research, healthcare, professional education, policy and regulation.",2026-07-14T08:13:00+00:00,https://notion.so/39d4061a75b781d1b605ed41ce201f3c
61,BioNTech,https://www.biontech.com,"For-profit company",Technical,"Technology development ; Research","Vaccines ; Therapeutics","Global ; Europe (excl. UK) ; Sub-Saharan Africa ; East Asia & Pacific ; South Asia ; North Africa ; United Kingdom ; USA ; Germany",no,"Response > Medical countermeasures","BioNTech is a German biotechnology company that develops and manufactures active immunotherapies for patient-specific approaches to the treatment of diseases. Alongside Pfizer, they are responsible for the Pfizer–BioNTech COVID-19 mRNA vaccine.",2024-03-29T09:45:00+00:00,https://notion.so/bde210954df9446781d3f0ff5d9527af
154,"Biosafety Now",https://biosafetynow.org/,"International non-profit organization",Governance,"Outreach & Advocacy","Lab biosafety","Global ; Remote ; USA",no,"Prevention > Preventing production & release","Biosafety Now demands national- and international-level restrictions, regulations, and oversight to reduce the risks to the public posed by enhanced potential pandemic pathogens research.",2024-05-24T08:36:00+00:00,https://notion.so/f4297eead23645b0964461d401684772
163,"Biosecurity and Pandemic Policy Center @ Scowcroft Institute",https://bush.tamu.edu/research/institutes/scowcroft/bppc,"Think tank",Governance,"Research ; Policy development ; Outreach & Advocacy","Crisis management ; Biological weapons ; Pathogen surveillance","USA ; College Station ; Washington DC",yes,"Prevention > Controlling knowledge","The Biosecurity and Pandemic Policy Center (BP2) is a center within the Scowcroft Institute of International Affairs at Texas A&M University. It conducts policy research, education and outreach to strengthen preparedness for pandemics and other biological threats.",2024-06-18T12:32:00+00:00,https://notion.so/14fdac66432e43a3880e44afc85660b9
190,"Biosecurity Central",https://www.biosecuritycentral.org,"International non-profit organization","Technical ; Governance","Outreach & Advocacy","Biological weapons ; Dual-use research of concern ; Lab biosafety","North America (excl. US) ; Canada ; USA ; Washington DC ; Remote",yes,"Transversal > Information","Biosecurity Central is a global web-based library of reliable biosecurity resources. The project is sponsored by Canada’s Weapons Threat Reduction Program, led by the World Organisation for Animal Health, and supported by Georgetown University.",2024-08-22T11:28:00+00:00,https://notion.so/cb3680810d494768be48168372ef72c2
96,"Bipartisan Commission on Biodefense",https://www.atlanticcouncil.org/programs/scowcroft-center-for-strategy-and-security/bipartisan-commission-on-biodefense,"Think tank","Governance ; Technical","Policy development","Biological weapons ; AI x Bio risks ; DNA synthesis ; Crisis management ; Supply chain disruption","USA ; Washington DC",no,Response,"The Bipartisan Commission on Biodefense at the Atlantic Council’s Scowcroft Center for Strategy and Security is an initiative that assesses U.S. biodefense and develops recommendations to strengthen national preparedness for biological threats.",2024-04-19T07:25:00+00:00,https://notion.so/b564fc8d2e1241f39a5d246be1dd9cbe
34,"BlueDot Impact",https://bluedot.org/courses/biosecurity,"International non-profit organization","Technical ; Governance","Education & Career",,"Remote ; London ; United Kingdom ; Global",yes,"Transversal > Education","BlueDot Impact offers a 30 hours virtual Biosecurity course, either intensive or part-time, focusing on the technical and policy efforts to prevent, detect and respond to catastrophic pandemics.",2024-03-01T16:04:00+00:00,https://notion.so/35cb7fd5d0c2484ca1d1d6a759b00406
38,"Blueprint Biosecurity",https://blueprintbiosecurity.org,"National non-profit organization","Technical ; Governance","Research ; Policy development ; Coordination ; Funding","Indoor air quality ; Personal protective equipment ; Pathogen surveillance","USA ; Washington DC",yes,"Transversal > Financing","Blueprint Biosecurity is a nonprofit dedicated to achieving breakthroughs in humanity’s capability to prevent, mitigate, and suppress pandemics.",2024-03-15T09:28:00+00:00,https://notion.so/3f0c02622e7c46d7a6b4667a2d0d314a
86,"Broad Institute @ MIT, Harvard",https://www.broadinstitute.org,"Research institute / lab / network",Technical,Research,"Epidemiology ; Therapeutics ; Antimicrobial resistance ; Rapid diagnostics","USA ; Cambridge MA",no,Detection,"The Broad Institute is a biomedical and genomics research organization. It includes an Infectious Disease and Microbiome Program and a Genomic Center for Infectious Diseases.",2024-04-05T09:26:00+00:00,https://notion.so/c5dcc43131764677811d6c07d300d908
280,"Brussels Resilience Forum",https://brusselsresilienceforum.org,"Research institute / lab / network",Governance,"Policy development ; Coordination","Biological weapons ; Crisis management","Europe (excl. UK) ; Brussels",no,"Transversal > Coordination","The Brussels Resilience Forum is a multistakeholder initiative convened by FIPRA and Resilience Action Network International. It brings together leaders across health, civil protection, industry and defence to advance whole-of-society preparedness for pandemics, climate shocks, cyber risks and conflict.",2026-07-17T09:35:00+00:00,https://notion.so/3a04061a75b78177a77cefcec127ae2f
100,"Bulletin of the Atomic Scientists",https://thebulletin.org,Media,"Technical ; Governance","Outreach & Advocacy","Biological weapons ; Dual-use research of concern ; AI x Bio risks ; Synthetic biology","USA ; Chicago IL",no,"Transversal > Information","The Bulletin is an independent, nonprofit 501 (c) (3) organization. They gather a diverse array of the most informed and influential voices tracking man-made threats and bring their innovative thinking to a global audience. They apply intellectual rigor to the conversation and do not shrink from alarming truths.",2024-04-19T07:31:00+00:00,https://notion.so/e0dbecb5634f4186a7f21429145230e3
102,"Cambridge Biosecurity Hub",https://www.cambiohub.org,"National non-profit organization","Technical ; Governance","Education & Career","AI x Bio risks ; Dual-use research of concern","United Kingdom ; Cambridge",yes,"Transversal > Education","The Cambridge Biosecurity Hub is a community and programme run by Meridian Impact CIC. It organizes events, career resources and a pandemic-prevention fellowship, and co-organizes the AIxBio Research Fellowship.",2024-04-19T07:36:00+00:00,https://notion.so/48bee78f44604e0cb83740975b9190e5
139,"Cavendish Labs",https://cavendishlabs.org,"Research institute / lab / network",Technical,Research,"Rapid diagnostics","USA ; Cavendish VT",yes,"Detection > Diagnostics","Cavendish Labs is a nonprofit research organization dedicated to solving the most important and neglected scientific problems of our age. This research community is focused primarily on AI safety and pandemic prevention.",2024-05-10T11:44:00+00:00,https://notion.so/99903e33d8964e1abe552edd04165413
281,"CBAI AIxBio Research Fellowship",https://www.cbai.ai/aixbiosecurity-fellowship-program,"National non-profit organization","Technical ; Governance","Education & Career ; Research","AI x Bio risks ; DNA synthesis ; Pathogen surveillance","USA ; Cambridge MA",yes,Detection,"The Cambridge Boston Alignment Initiative (CBAI) runs a funded AI×Biosecurity Research Fellowship focused on reducing biological risks from advanced AI. Its work covers dangerous-capability evaluations, safeguards and unlearning, biosurveillance and pathogen detection, DNA-synthesis screening, threat modelling, and governance.",2026-07-26T13:53:00+00:00,https://notion.so/3a94061a75b781b3b3facb1738b7192d
67,CBWNet,https://cbwnet.org,"Research institute / lab / network",Governance,"Research ; Policy development","Biological weapons","Germany ; Europe (excl. UK)",no,"Prevention > Preventing production & release","Research project, carried out jointly by several organisations, which aims to identify options to comprehensively strengthen the norms against chemical and biological weapons (CBW).",2024-03-29T09:47:00+00:00,https://notion.so/e210e42011984faaa0e66f8616d11e0c
220,"Center for Global Health Science and Security (CGHSS) @ Georgetown University",https://ghss.georgetown.edu,"Research institute / lab / network","Technical ; Governance","Research ; Technology development ; Policy development",Epidemiology,"USA ; Washington DC",no,Detection,"The Center for Global Health Science and Security at Georgetown University develops evidence for action, providing decision makers with the tools they need for sustainable capacity building to prevent, detect and respond to public health emergencies.",2024-10-12T09:28:00+00:00,https://notion.so/6bcae050646d4b17a14fbd2c0884a3b8
215,"Center for Infectious Disease Research and Policy (CIDRAP) @ University of Minnesota",https://www.cidrap.umn.edu,"Research institute / lab / network","Technical ; Governance","Research ; Policy development","Vaccines ; Antimicrobial resistance ; Epidemiology ; Supply chain disruption","USA ; Minneapolis MN",no,Response,"The Center for Infectious Disease Research and Policy (CIDRAP) is a global leader in addressing public health preparedness and emerging infectious disease response.",2024-10-12T09:05:00+00:00,https://notion.so/c4d6a0f867b14d0692021577425711c8
103,"Center for Security and Emerging Technology (CSET)",https://cset.georgetown.edu,"Research institute / lab / network",Governance,"Research ; Policy development","Lab biosafety ; Dual-use research of concern ; Synthetic biology ; AI x Bio risks ; Antimicrobial resistance","USA ; Washington DC",yes,"Prevention > Preventing production & release","A policy research organization within Georgetown University’s Walsh School of Foreign Service, CSET provides decision-makers with data-driven analysis on the security implications of emerging technologies. CSET is currently focusing on the effects of progress in artificial intelligence (AI), advanced computing and biotechnology. They seek to prepare a new generation of decision-makers to address the challenges and opportunities of emerging technologies.",2024-04-19T07:39:00+00:00,https://notion.so/c20bf94024804bc6872168286b9c8827
224,"Centers for Disease Control and Prevention (CDC)",https://www.cdc.gov,Government,Governance,"Research ; Policy development ; Outreach & Advocacy ; Coordination","Pathogen surveillance ; Epidemiology","USA ; Atlanta GA",no,Detection,"The Centers for Disease Control and Prevention (CDC) is the national public health agency of the United States. Aiming to protect public health and safety through the control and prevention of disease, injury, and disability in the US and worldwide.",2024-10-16T05:23:00+00:00,https://notion.so/beeee37c24904bbe92b42e9d4a6cb338
0,"Centre for Future Generations (CFG)",https://cfg.eu,"Think tank",Governance,"Policy development","AI x Bio risks ; Synthetic biology ; Dual-use research of concern ; Biological weapons ; DNA synthesis ; Lab biosafety","Brussels ; Belgium ; Europe (excl. UK)",yes,"Response > Non-medical countermeasures","CFG is a Brussels-based think tank that focuses on enabling decision-makers to anticipate and govern the societal impacts of rapid technological change.",2024-03-01T10:02:00+00:00,https://notion.so/723c90d80998491dac22cf8288310e13
44,"Centre for Long-Term Resilience (CLTR)",https://www.longtermresilience.org,"Think tank",Governance,"Policy development ; Outreach & Advocacy","Dual-use research of concern ; Biological weapons ; Lab biosafety ; AI x Bio risks","United Kingdom ; London",yes,"Prevention > Preventing production & release","The Biosecurity Policy Unit at the Centre for Long-Term Resilience works closely with the UK Government and other stakeholders to reduce extreme biological risks from natural outbreaks, laboratory accidents, deliberate misuse and dual-use research.",2024-03-15T09:40:00+00:00,https://notion.so/354e78e7c3e4453ab0aa8566ec859e58
111,"Centre for the Study of Existential Risk (CSER)",https://www.cser.ac.uk,"Research institute / lab / network",Governance,Research,"Cyberbiosecurity ; Biological weapons","United Kingdom ; Cambridge",yes,Prevention,"CSER is an interdisciplinary research centre within the University of Cambridge dedicated to the study and mitigation of existential risks.",2024-04-19T08:05:00+00:00,https://notion.so/2c8fec048a9f4252b94b16b9fee1d635
135,"Coalition for Epidemic Preparedness Innovations (CEPI)",https://cepi.net,"International non-profit organization","Technical ; Governance","Coordination ; Funding",Vaccines,"Europe (excl. UK) ; United Kingdom ; USA ; Norway ; Oslo ; London ; Washington DC",no,Response,"CEPI is a global partnership working to accelerate the development of vaccines and other biologic countermeasures against epidemic and pandemic threats. In 2022, CEPI adopted a vision for the world to be able to respond to a pandemic threat with a new vaccine within 100 days.",2024-05-10T09:35:00+00:00,https://notion.so/04f317602488474d897d9bc634936972
71,"Coefficient Giving, Biosecurity & Pandemic Preparedness team",https://coefficientgiving.org/funds/biosecurity-pandemic-preparedness,"International non-profit organization","Technical ; Governance",Funding,"Pathogen surveillance ; Dual-use research of concern ; AI x Bio risks ; DNA synthesis ; Indoor air quality ; Personal protective equipment ; Vaccines ; Therapeutics ; Rapid diagnostics ; Synthetic biology","USA ; San Francisco CA",yes,"Transversal > Financing","Coefficient Giving’s Biosecurity & Pandemic Preparedness team (ex Open Philanthropy) supports efforts to strengthen disease surveillance, the governance of dual-use research, policy development, and other activities that could reduce the threat of a major global disruption.",2024-04-02T17:20:00+00:00,https://notion.so/83342347f4c1403999ef5fc20e0c430c
69,"Convergent Research",https://www.convergentresearch.org,"International non-profit organization",Technical,"Research ; Technology development ; Funding","Indoor air quality ; Synthetic biology ; Therapeutics ; Pathogen surveillance",USA,yes,"Transversal > Financing","Convergent Research launches Focused Research Organizations (FROs) to tackle large-scale, tightly coordinated, non-profit projects. Their biosecurity team is investigating FROs to reduce risks from pandemics, including projects on indoor air quality and metagenomic sequencing.",2024-04-02T15:20:00+00:00,https://notion.so/e264427457d5444e8cf4cd45104c882a
284,"Defenses in Depth",https://defensesindepth.bio,Media,"Technical ; Governance","Outreach & Advocacy",,"Global ; Remote",yes,"Transversal > Information","Defenses in Depth is a publication from Coefficient Giving’s biosecurity and pandemic preparedness team that analyzes strategies for reducing catastrophic biological risk. It publishes original work on layered biodefense, early detection, protective equipment, medical countermeasures, and high-impact project opportunities.",2026-07-26T16:35:00+00:00,https://notion.so/3a94061a75b7812ea42bd95ed7391081
206,"Direction Générale de l’Armement, Maîtrise NRBC (DGA-NRBC)",https://www.defense.gouv.fr/dga/dga-maitrise-nrbc,Government,"Technical ; Governance","Research ; Technology development ; Coordination","Biological weapons ; Pathogen surveillance","Paris ; France ; Europe (excl. UK)",no,"Transversal > Coordination","The Direction Générale de l'Armement (DGA) is a department of the French Ministry of Defence whose mission is to prepare the future of French defence systems, equip the French armed forces and promote exports by the French defence industry. DGA Maîtrise NRBC's expertise covers the knowledge, analysis and control of risks caused by radiological, biological and chemical (RBC) agents. The centre engineers and evaluates detection, protection and decontamination systems under conditions representative of operational situations, as part of the armament programmes and operations conducted by DGA's Operations Directorate.",2024-10-12T08:31:00+00:00,https://notion.so/11d4061a75b780438895e62b48494f79
142,"Emerging Leaders in Biosecurity (ELBI) Fellowship",https://centerforhealthsecurity.org/education-training/emerging-leaders-in-biosecurity-fellowship,"National non-profit organization","Technical ; Governance","Education & Career",,"USA ; Washington DC",yes,"Transversal > Education","ELBI is a highly competitive, part-time program that provides an opportunity for talented graduate students and professionals to deepen their expertise, expand their network, and build their leadership skills through a series of events coordinated by the Johns Hopkins Center for Health Security.",2024-05-10T12:30:00+00:00,https://notion.so/e645afbf467e4f59ac1bdee9a524acd4
256,"ERA Fellowship",https://erafellowship.org,"International non-profit organization",Technical,"Education & Career","AI x Bio risks","United Kingdom ; Cambridge",yes,"Transversal > Education","ERA Fellowship is an international fellowship and research-residency programme supporting work on AI safety, AI governance and AI×bio risks. Its portfolio includes the AIxBio Research Fellowship.",2025-12-28T16:00:00+00:00,https://notion.so/2d74061a75b780a2b57beccf47611ac6
46,"Ergo Impact - Biosecurity Program",https://ergoimpact.org,"International non-profit organization","Technical ; Governance",Funding,,"Remote ; Europe (excl. UK) ; Netherlands ; Amsterdam",yes,"Transversal > Financing","Ergo Impact (formerly Effective Giving) aims to find, fund, and scale the most promising people and solutions to the world’s most pressing problems. Their Biosecurity team spun off as Sentinel Bio.",2024-03-15T09:50:00+00:00,https://notion.so/ca5b37bbea954d55b5e4e02896e06eb6
193,"European Biosafety Association (EBSA)",https://www.ebsaweb.eu,"International non-profit organization",Governance,"Policy development ; Coordination ; Outreach & Advocacy","Dual-use research of concern ; Lab biosafety","Global ; Europe (excl. UK) ; United Kingdom ; Belgium",no,"Transversal > Coordination","The European BioSafety Association is there for all persons working in the fields of biosafety and biosecurity in all domains whether it be human, animal or plants. It aims to discuss and debate issues of concern and to represent those working in the field of biosafety and associated activities.",2024-08-22T11:56:00+00:00,https://notion.so/08e75f8a0f9248b48a5c8b6f9ed4625a
227,"European Centre for Disease Prevention and Control (ECDC)",https://www.ecdc.europa.eu,"Intergovernmental entity",Governance,"Research ; Policy development ; Outreach & Advocacy ; Coordination","Pathogen surveillance ; Epidemiology ; Crisis management","Europe (excl. UK) ; Sweden ; Stockholm",no,Detection,"The ECDC is an EU agency aimed at strengthening Europe's defences against infectious diseases.",2024-10-23T15:37:00+00:00,https://notion.so/69134d243dc34cc0b222a83b9c7d59ab
270,"European Federation of Allergy and Airways Diseases Patients' Associations (EFA)",https://www.efanet.org/about-efa/organisation,"International non-profit organization",Governance,"Outreach & Advocacy ; Policy development","Indoor air quality","Europe (excl. UK) ; Brussels",no,"Response > Non-medical countermeasures","The European Federation of Allergy and Airways Diseases Patients’ Associations (EFA) is a European alliance representing 38 patient organizations in 24 countries. It advocates for policies that improve indoor and outdoor air quality and protect people living with allergies, asthma and chronic obstructive pulmonary disease.",2026-07-14T07:58:00+00:00,https://notion.so/39d4061a75b781b2a18ce1596a273c7c
264,"European Medicines Agency (EMA)",https://www.ema.europa.eu/en/human-regulatory-overview,"Intergovernmental entity","Governance ; Technical","Policy development ; Coordination","Vaccines ; Therapeutics ; Epidemiology","Europe (excl. UK) ; Netherlands ; Amsterdam",no,"Response > Medical countermeasures","The EMA is an EU Agency with responsibilities for making recommendations for the authorization (by the European Commission) of medicines (for use in humans or animals) in the EU single market.",2026-07-10T08:10:00+00:00,https://notion.so/3994061a75b78151b983fcf287fd991f
116,"European Molecular Biology Laboratory (EMBL)",https://www.embl.org,"Research institute / lab / network",Technical,Research,"Vaccines ; Therapeutics ; Rapid diagnostics ; Pathogen surveillance ; Antimicrobial resistance ; Synthetic biology","Europe (excl. UK) ; United Kingdom ; France ; Spain ; Germany ; Italy ; Cambridge ; Heidelberg ; Hamburg ; Grenoble ; Barcelona ; Rome",no,"Response > Medical countermeasures","The European Molecular Biology Laboratory (EMBL) is an intergovernmental life-sciences laboratory operating across six European sites. It conducts molecular-biology research and provides scientific services, infrastructure and training to researchers across Europe and beyond.",2024-04-26T07:39:00+00:00,https://notion.so/5f2f903fc11040289deb13dd6e1583c6
272,"European Society of Clinical Microbiology and Infectious Diseases (ESCMID)",https://www.escmid.org,"International non-profit organization",Technical,"Research ; Funding ; Coordination","Epidemiology ; Vaccines ; Antimicrobial resistance","Remote ; Europe (excl. UK) ; Switzerland ; Basel",no,"Transversal > Financing","ESCMID is a global professional society for clinical microbiology, infectious diseases and antimicrobial resistance. It supports research, education, professional practice, scientific exchange and international coordination through grants, training, congresses and expert networks.",2026-07-14T08:51:00+00:00,https://notion.so/39d4061a75b781cdb62cf871f23ebfaf
115,"Existential Risk Laboratory (X-Lab) @ University of Chicago",https://xrisk.uchicago.edu,"Research institute / lab / network","Technical ; Governance","Research ; Outreach & Advocacy","AI x Bio risks ; Biological weapons ; Synthetic biology ; Lab biosafety","USA ; Chicago IL",yes,Prevention,"The UChicago Existential Risk Laboratory’s mission is to understand and mitigate existential and global catastrophic risks while training the next generation of scholars and policymakers. Their work is focused on preventing events that could result in hundreds of millions of deaths or permanently curtail civilization’s long-term potential.",2024-04-26T07:32:00+00:00,https://notion.so/7a14928445f84882bed8266d7118ee80
143,"Fellowship for Ending Bioweapons",https://councilonstrategicrisks.org/nolan/biofellows,"National non-profit organization",Governance,"Education & Career","Biological weapons","USA ; Washington DC",yes,"Transversal > Education","The Fellowship for Ending Bioweapons is a ten-month programme hosted by the Council on Strategic Risks. Fellows work with experts to develop practical ideas for reducing deliberate biological threats, including state and non-state bioweapons risks and the convergence of artificial intelligence and biotechnology.",2024-05-10T12:41:00+00:00,https://notion.so/b949e87c47474c718bdd8142be22de8b
87,"Francis Crick Institute",https://www.crick.ac.uk,"Research institute / lab / network",Technical,Research,"Antimicrobial resistance ; Epidemiology ; Therapeutics ; Vaccines ; Rapid diagnostics","United Kingdom ; London",no,"Response > Medical countermeasures","The Francis Crick Institute is a biomedical research institute working across academia, medicine and industry. Their interest groups include Infectious disease and Synthetic biology.",2024-04-05T09:51:00+00:00,https://notion.so/fa412ebde88e4ccebdb051a9c60c065a
94,"Gates Foundation",https://www.gatesfoundation.org/,"International non-profit organization","Technical ; Governance",Funding,"Vaccines ; Therapeutics ; Rapid diagnostics","Global ; USA ; Seattle WA",no,"Transversal > Financing","The foundation’s mission is to create a world where every person has the opportunity to live a healthy, productive life.",2024-04-19T07:21:00+00:00,https://notion.so/99ae4fb67cd24f61b63a009a1a92f548
124,"Gavi, the Vaccine Alliance",https://www.gavi.org,"Intergovernmental entity","Governance ; Technical","Funding ; Coordination",Vaccines,"Global ; Europe (excl. UK) ; Switzerland ; Geneva",no,"Transversal > Coordination","Gavi, the Vaccine Alliance helps vaccinate more than half the world’s children against deadly and debilitating infectious diseases.",2024-04-26T07:50:00+00:00,https://notion.so/4ea7e7ef311a4e9e8b148e5b6c3b4225
208,"Global Biolabs",https://www.globalbiolabs.org,Media,Governance,"Outreach & Advocacy ; Policy development","Lab biosafety","Global ; Remote",no,"Prevention > Preventing production & release","Globalbiolabs.org map provides details of BSL4 labs around the world and their policies and practices to ensure safe, secure and responsible pathogen research.",2024-10-12T08:40:00+00:00,https://notion.so/bb6c66269dd84a6eafbc4c1c2a2d2d8a
144,"Global Catastrophic Risk Institute (GCRI)",https://gcri.org,"Think tank",Governance,"Research ; Outreach & Advocacy","Dual-use research of concern ; Biological weapons ; Infohazard policies ; Crisis management",USA,yes,Prevention,"GCRI is a think tank that analyzes risks to the survival of human civilization. They mission is to develop the best ways to confront humanity’s gravest threats.",2024-05-24T07:14:00+00:00,https://notion.so/25d511bc376440429fb5aa44fd89d33d
257,"Global Center for Health Security (GCHS) @ University of Nebraska Medical Center",https://www.unmc.edu/healthsecurity,"Research institute / lab / network",Technical,"Research ; Technology development","Crisis management ; Therapeutics ; Lab biosafety","USA ; Omaha NE",no,"Response > Non-medical countermeasures","University-based center at the University of Nebraska Medical Center focused on preparedness and response to high-consequence infectious diseases. Operates the Nebraska Biocontainment Unit (which treated US Ebola patients in 2014) and the only federally-funded National Quarantine Unit, alongside an Emerging Pathogens Lab. Runs a $11M DoD-funded drug discovery and development pipeline.",2026-05-03T11:29:00+00:00,https://notion.so/3554061a75b781389f7af14316719c45
212,"Global Challenges Foundation",https://globalchallenges.org,"Think tank",Governance,"Policy development ; Outreach & Advocacy",,"Europe (excl. UK) ; Sweden ; Stockholm",yes,"Transversal > Information","The Global Challenges Foundation aims at raising awareness of global catastrophic risks, including pandemics, and strengthening global governance to address them.",2024-10-12T08:59:00+00:00,https://notion.so/2152df995e9d4e16a472fba5dfafbe41
265,"Global Council on Inequality, AIDS and Pandemics",https://www.inequalitycouncil.org/the-council,"International non-profit organization",Governance,"Outreach & Advocacy ; Research ; Policy development","Epidemiology ; Crisis management ; Vaccines ; Therapeutics",Global,no,Response,"The Global Council on Inequality, AIDS and Pandemics compiles evidence and conducts research to analyze how social and economic inequalities drive global health crises. The Council is composed of global experts from academia, government, civil society, international development and the creative arts, who propose evidence-based solutions for addressing inequalities linked to AIDS and pandemics.",2026-07-10T08:21:00+00:00,https://notion.so/3994061a75b7810d9d45f995fe9ac6d9
110,"Global Health Policy Center at the Center for Strategic and International Studies (CSIS)",https://www.csis.org/programs/global-health-policy-center/topics/health-security,"Think tank",Governance,"Research ; Policy development ; Coordination","Dual-use research of concern ; Synthetic biology ; AI x Bio risks ; Biological weapons ; DNA synthesis ; Lab biosafety ; Therapeutics ; Vaccines ; Antimicrobial resistance ; Crisis management","USA ; Washington DC",no,Response,"The Center for Strategic and International Studies (CSIS) is a bipartisan, nonprofit policy research organization dedicated to advancing practical ideas to address the world’s greatest challenges. The CSIS Global Health Policy Center’s work on health and security provides an in-depth analysis of this emerging complex interface between proliferating security threats and extensive global health demands.",2024-04-19T08:00:00+00:00,https://notion.so/fa8c5210a8f94bbfa13bb3f7b8a52a89
207,"Global Health Security Network",https://ghsn.org,"International non-profit organization","Technical ; Governance","Coordination ; Policy development","Vaccines ; Crisis management",Global,no,"Response > Medical countermeasures","The Global Health Security Network (GHSN) Limited is a new multidisciplinary professional association dedicated to facilitating evidence-informed policy for the detection, prevention and control of infectious disease threats, irrespective of origin or source.",2024-10-12T08:34:00+00:00,https://notion.so/d076deb28e764455b91f20962456a7d2
261,"Global Outbreak and Alert Response Network (GOARN) @ WHO",https://goarn.who.int,"Intergovernmental entity",Governance,Coordination,"Crisis management ; Epidemiology ; Pathogen surveillance ; Rapid diagnostics","Global ; Europe (excl. UK) ; Switzerland ; Geneva",no,Response,"The Global Outbreak Alert and Response Network (GOARN) is a WHO-coordinated network of more than 360 technical institutions and networks that mobilises personnel and resources to support countries responding to acute public-health events. Its Operational Support Team, based at WHO headquarters in Geneva and regional offices, coordinates outbreak-response missions, network activities and communications.",2026-05-26T23:27:00+00:00,https://notion.so/36c4061a75b78119979ff223a7d8f41d
248,"GMU Schar School of Policy and Government (SSPG) - Biodefense Program",https://schar.gmu.edu/biodefense-programs,"Research institute / lab / network",Governance,"Education & Career","Biological weapons","Arlington VA ; Remote ; USA",no,"Transversal > Information","The Schar School of Policy and Government's Biodefense Graduate Program at George Mason University was established in 2003 and offers both on-campus and online Master of Science degrees in Biodefense, a PhD in Biodefense, and graduate certificates in Biodefense, Global Health Security, and Science, Technology, and Security. The program educates the next generation of biodefense and global health security scholars and professionals to prevent, prepare for, and respond to large-scale threats to health security, such as pandemics, weapons of mass destruction, terrorism, and natural disasters. While also bridging the gap between scientists and policy-makers in each of these domains.",2024-11-29T06:11:00+00:00,https://notion.so/4b5aec0f2b9541df9af7c07b3127ceae
28,"Gryphon Scientific @ Deloitte",https://www.deloitte.com/us/en/services/consulting/services/biotech-consulting-and-data-analytics-solutions.html,"For-profit company","Technical ; Governance","Technology development ; Policy development","Dual-use research of concern ; Biological weapons ; AI x Bio risks ; Lab biosafety ; Pathogen surveillance","Washington DC ; USA ; Global",yes,"Prevention > Preventing production & release","Gryphon Scientific aims to address problems of global health, safety, and security. This work includes CBRN Defense, Biosafety, Biosecurity, & Emerging Technologies. Deloitte acquired Gryphon Scientific in 2024, saying: “Gryphon’s cadre of specialists will enhance Deloitte’s capability to address its clients’ most complex mission challenges, from informing safe policy and practice around novel technologies and AI to strengthening capacities to prevent, detect and respond to infectious disease threats across the globe.”",2024-03-01T13:33:00+00:00,https://notion.so/0b8da1ccce0248e5bb6a605b30987cfd
160,"Health Emergency Preparedness and Response (HERA)",https://health.ec.europa.eu/health-emergency-preparedness-and-response-hera_en,"Intergovernmental entity","Governance ; Technical","Coordination ; Funding ; Policy development","Pathogen surveillance ; Digital detection ; Rapid diagnostics ; Personal protective equipment ; Vaccines ; Therapeutics ; Antimicrobial resistance ; Supply chain disruption ; Crisis management","Europe (excl. UK) ; Belgium ; Brussels",no,Response,"HERA’s mission is to strengthen Europe's ability to prevent, detect, and rapidly respond to cross-border health emergencies, by ensuring the development, manufacturing, procurement and equitable distribution of key medical countermeasures. It was created in the aftermath of the COVID-19 pandemic to strengthen the EU's health emergency preparedness and response.",2024-05-24T15:07:00+00:00,https://notion.so/35428ad2578c497ea029ab6a0bc68cde
166,"Health Security Headlines",https://publichealth.jhu.edu/topics/health-security-and-public-health,Media,"Technical ; Governance","Outreach & Advocacy",,"USA ; Baltimore",no,"Transversal > Information","Explore the latest public health research and insights about health security.",2024-06-23T15:46:00+00:00,https://notion.so/e1b96b2bd1504100910e15dfb44e5057
146,"High Impact Engineers",https://high-impact-engineers.github.io,"International non-profit organization",Technical,"Education & Career",,"Global ; Remote",yes,"Transversal > Education","High Impact Engineers is a volunteer-run global community helping engineers pursue high-impact work. It is now mostly inactive but the website still offers cause-area resources.",2024-05-24T07:22:00+00:00,https://notion.so/3cda3b02efd348788d078ddddf0c3799
147,"High Impact Medicine",https://www.highimpactmedicine.org,"International non-profit organization",Technical,"Education & Career",,"Global ; Remote",yes,"Transversal > Education","Hi-Med is a community helping medical students and clinicians steer their careers toward high-impact areas, through advising, fellowships and online resources.",2024-05-24T07:28:00+00:00,https://notion.so/1bf2f35842c24b1487791cf7dbbf0c69
127,"Horizon Institute for Public Service",https://horizonpublicservice.org,"National non-profit organization",Governance,"Education & Career","AI x Bio risks",USA,no,"Transversal > Education","The Horizon Institute for Public Service is a non-partisan, non-profit organization that helps the US government navigate our era of rapid technological change by supporting the next generation of emerging technology policy talent.",2024-04-26T07:58:00+00:00,https://notion.so/99a1a29eec014c84a7f24555f812aafa
132,iGEM,https://igem.org,"International non-profit organization",Technical,"Education & Career ; Technology development","Synthetic biology ; Lab biosafety ; Dual-use research of concern","Global ; Europe (excl. UK) ; France ; Paris ; Remote ; USA ; Boston MA",no,"Transversal > Education","iGEM (International Genetically Engineered Machine) educates the workforce and the leaders of the Synthetic Biology industry. The iGEM Foundation is an independent, non-profit organization dedicated to the advancement of synthetic biology, education and competition, and the development of an open, collaborative, and cooperative community.",2024-04-26T08:23:00+00:00,https://notion.so/cd522c3b84b64c3383ea406d0ba25237
211,"Independent Panel for Pandemic Preparedness and Response (IPPPR)",https://theindependentpanel.org,"Intergovernmental entity",Governance,"Policy development ; Coordination ; Outreach & Advocacy","Crisis management ; Pathogen surveillance ; Vaccines","Global ; Remote",no,"Detection > Early warning","The Independent Panel for Pandemic Preparedness and Response was established in 2020 to review the international response to COVID-19 and issued its main report in 2021. It remains active, providing independent science-led analysis, advocating for reforms and building networks across science, practice and policy to strengthen pandemic preparedness.",2024-10-12T08:49:00+00:00,https://notion.so/28a24f93066f4926ae966a1a1cc7e68d
273,"Indoor Air Hygiene Commission",https://www.umweltbundesamt.de/en/topics/health/commissions-working-groups/indoor-air-hygiene-commission#indoor-air-hygiene-commission-irk,Government,"Governance ; Technical","Policy development","Indoor air quality",Germany,no,"Response > Non-medical countermeasures","The Indoor Air Hygiene Commission (Innenraumlufthygiene-Kommission, IRK) at the German Environment Agency (Umweltbundesamt) provides expert advice and develops recommendations on biological air pollutants and room ventilation.",2026-07-14T09:42:00+00:00,https://notion.so/39d4061a75b781f0b8f5e49c7faf0771
80,"Institut Pasteur",https://www.pasteur.fr/en,"Research institute / lab / network",Technical,Research,"Antimicrobial resistance ; Epidemiology ; Therapeutics ; Vaccines ; Rapid diagnostics ; Pathogen surveillance ; Digital detection ; Biological weapons ; DNA synthesis","Europe (excl. UK) ; France ; Paris",no,"Response > Medical countermeasures","The Pasteur Institute is an international research and education institute that is committed to advancing science, medicine and public health. It has been responsible for multiple historical discoveries that have helped control infectious diseases.",2024-04-05T09:10:00+00:00,https://notion.so/fea1039ae1e84a188463d4a4a1a0f7ad
56,"Institute for Progress",https://ifp.org,"Think tank",Governance,"Policy development ; Outreach & Advocacy","Dual-use research of concern ; AI x Bio risks ; Biological weapons ; DNA synthesis ; Lab biosafety ; Pathogen surveillance ; Indoor air quality ; Vaccines","USA ; Washington DC",yes,"Transversal > Information","The Institute for Progress (IFP) is a non-partisan research and advocacy organization dedicated to accelerating scientific, technological, and industrial progress while safeguarding humanity’s future.",2024-03-15T09:55:00+00:00,https://notion.so/52fad963160d4fcc9c0ad3751b74ae6b
148,"Intelligence Advanced Research Projects Activity (IARPA)",https://www.iarpa.gov/,Government,Technical,"Funding ; Research","AI x Bio risks ; Synthetic biology ; Pathogen surveillance","USA ; Bethesda MD",no,"Transversal > Financing","The Intelligence Advanced Research Projects Activity invests in high-risk, high-payoff research programs to tackle some of the most difficult challenges of the agencies and disciplines in the Intelligence Community (IC). IARPA’s mission is to push the boundaries of science to develop solutions that empower the IC to do its work better and more efficiently for national security. IARPA does not have an operational mission and does not deploy technologies directly to the field. Instead, we facilitate the transition of research results to our IC customers for operational application.",2024-05-24T07:33:00+00:00,https://notion.so/80839bc99ee34f0381aa5a66f4b9150d
204,"Interacademy Partnership (IAP) Biosecurity Working Group",https://www.interacademies.org/project/iap-biosecurity-working-group,"International non-profit organization",Governance,"Policy development ; Outreach & Advocacy ; Coordination","Dual-use research of concern ; Biological weapons ; AI x Bio risks ; Synthetic biology","Trieste ; Italy ; Europe (excl. UK) ; Washington DC ; USA",no,"Transversal > Coordination","The IAP General Assembly agreed to establish a Biosecurity Working Group in 2003, designed especially to link with the Biological and Toxin Weapons Convention (BWC). Activities include the promotion of responsible research practices and links with the Organization for the Prohibition of Chemical Weapons (OPCW).  A new IAP Biosecurity Working Group (BWG) wasestablished in 2020 following a process of nominations of suitable expert by member academies. Current BWG members are from Argentina, Brazil, China, Egypt, Georgia, Germany, Ghana, Italy, Pakistan, Philippines, Russia, South Africa, Trinidad & Tobago, the United Kingdom and the United States.",2024-10-12T08:27:00+00:00,https://notion.so/11d4061a75b780e1ab2ddcbc76be6cef
266,"Intercept Fund",https://www.interceptfund.com,"International non-profit organization",Technical,Funding,"Indoor air quality ; Vaccines ; Therapeutics","Global ; USA",yes,"Transversal > Financing","Intercept is a philanthropic initiative that funds and invests in technologies to reduce the burden of respiratory infections and improve preparedness for future pandemics. Its two main programmes support broad-spectrum biomedical preventatives, including vaccines and antivirals, and indoor-air technologies such as filtration and far-UVC.",2026-07-11T11:33:00+00:00,https://notion.so/39a4061a75b78010b8c1fbdafb4301ff
159,"International Biosecurity and Biosafety Initiative for Science (IBBIS)",https://ibbis.bio,"Think tank","Governance ; Technical","Policy development ; Technology development","DNA synthesis ; Dual-use research of concern ; Lab biosafety","Global ; Remote ; Europe (excl. UK) ; Switzerland ; Geneva",yes,"Prevention > Preventing production & release","IBBIS is an independent organization dedicated to reducing emerging biological risks associated with technology advances. They address risk-reduction opportunities throughout the bioscience research and development lifecycle to incorporate effective risk-reduction practices at every stage. They collaborate with stakeholders in the biotechnology industry, across research and academic communities, and in national governments.",2024-05-24T14:48:00+00:00,https://notion.so/c780d2e709bf477ba3ee90f683df92ce
192,"International Federation of Biosafety Associations (IFBA)",https://www.internationalbiosafety.org,"International non-profit organization",Governance,"Policy development ; Coordination","Lab biosafety","Global ; Remote",no,"Prevention > Preventing production & release","The International Federation of Biosafety Associations (IFBA) is a not-for-profit non-governmental organization of regional and national Biosafety Associations from all areas of the world. They are a global community of certified biorisk management professionals, biosafety officers, scientists, laboratory personnel, architects, engineers, academics and policy makers who have common interest in safe, secure and responsible work with biological materials.",2024-08-22T11:40:00+00:00,https://notion.so/d1b2cb0515c04b2bb1ff7e0f984c2d5a
202,"International Gene Synthesis Consortium (IGSC)",https://genesynthesisconsortium.org,"International non-profit organization","Technical ; Governance","Technology development ; Coordination","Synthetic biology ; DNA synthesis ; Pathogen surveillance ; Digital detection",Global,yes,"Transversal > Coordination","The International Gene Synthesis Consortium (IGSC) is an industry-led group of gene synthesis companies and organizations formed to design and apply a common protocol to screen both the sequences of synthetic gene orders and the customers who place them. In addition, the consortium works with national and international government organizations and other interested parties to promote the beneficial application of gene synthesis technology while safeguarding biosecurity.",2024-10-12T08:22:00+00:00,https://notion.so/06bed02696514a5490a7a9ef7e03416b
151,"International Organization for Standardization (ISO)",https://www.iso.org,"International non-profit organization",Governance,"Policy development","Synthetic biology ; Lab biosafety","Europe (excl. UK) ; Switzerland ; Geneva",no,Prevention,"Standards define what great looks like, setting consistent benchmarks for businesses and consumers alike — ensuring reliability, building trust, and simplifying choices.",2024-05-24T07:58:00+00:00,https://notion.so/5a1a13c1946a405c83884dd11e2dfa7f
194,"International Pandemic Preparedness Secretariat (IPPS)",https://ippsecretariat.org,"International non-profit organization",Governance,"Coordination ; Policy development ; Outreach & Advocacy","Pathogen surveillance ; Digital detection ; Rapid diagnostics ; Vaccines ; Therapeutics ; Epidemiology ; Supply chain disruption ; Crisis management","Global ; United Kingdom ; London",yes,Response,"The International Pandemic Preparedness Secretariat is a time-limited independent entity supporting delivery of the 100 Days Mission. Its mandate ends in February 2027, and it is transferring its Emergency Response Framework's medical-countermeasure tracking function to the WHO Secretariat of i-MCM-Net while completing the handover.",2024-08-22T12:02:00+00:00,https://notion.so/489af006c0e64cd79d5093a5deb6e2b4
216,"James Martin Center for Nonproliferation Studies (CNS)",https://www.middlebury.edu/institute/academics/centers-initiatives/nonproliferation-studies,"International non-profit organization",Governance,"Policy development ; Education & Career ; Research","AI x Bio risks ; Biological weapons ; Synthetic biology ; Lab biosafety","USA ; Europe (excl. UK) ; Austria ; Monterey CA ; Washington DC ; Vienna",yes,"Transversal > Education","The Center for Nonproliferation Studies strives to combat the spread of weapons of mass destruction by training the next generation of nonproliferation specialists and disseminating timely information and analysis. It is the largest nongovernmental organization in the United States devoted exclusively to research and training on nonproliferation issues. Their biosecurity work can be found here.",2024-10-12T09:16:00+00:00,https://notion.so/81e91e3ae43648dc85da5f493067af33
49,"Johns Hopkins Center for Health Security (CHS)",https://www.centerforhealthsecurity.org,"Research institute / lab / network",Governance,"Research ; Policy development ; Outreach & Advocacy ; Coordination","Biological weapons ; Pathogen surveillance ; Crisis management ; Dual-use research of concern ; AI x Bio risks ; DNA synthesis ; Vaccines ; Therapeutics ; Rapid diagnostics ; Personal protective equipment ; Indoor air quality ; Antimicrobial resistance ; Epidemiology ; Supply chain disruption","USA ; Baltimore",yes,"Transversal > Coordination","The Center for Health Security is a network of scholars in science, medicine, public health, law, social sciences, economics, and national security who conduct independent research to examine how scientific and technological innovations can strengthen health security.",2024-03-15T09:55:00+00:00,https://notion.so/1e3b5e9fdc094735a40329c4bfe85b52
286,"Latch Biosecurity",https://latch.bio,"For-profit company",Technical,"Technology development","AI x Bio risks ; DNA synthesis ; Pathogen surveillance","USA ; New York City",yes,"Prevention > Preventing production & release","Latch Biosecurity, formed after LatchBio acquired TwentyTwo in June 2026, builds AI infrastructure for biosecurity, including automated customer screening, functional sequence screening and model safeguards. The former TwentyTwo team now leads Latch Biosecurity within LatchBio and has also contributed to AI-biosecurity evaluations and pathogen-surveillance research.",2026-07-26T16:36:00+00:00,https://notion.so/3a94061a75b78185a684e2e2cc8792f6
243,"Lawrence Livermore National Laboratory (LLNL)",https://www.llnl.gov,"Research institute / lab / network",Technical,"Research ; Technology development","Biological weapons ; Pathogen surveillance ; Rapid diagnostics ; Personal protective equipment ; Vaccines","USA ; Livermore CA",no,Response,"Lawrence Livermore National Laboratory (LLNL), established in 1952, is a U.S. research institution dedicated to national security and scientific innovation. In biosecurity, one of their four mission focus areas, LLNL focuses on developing advanced technologies for pathogen detection, bioinformatics, and biodefense.",2024-11-21T16:49:00+00:00,https://notion.so/867b8699eb404a44930a1d9eac0007f7
152,"Longview Philanthropy",https://www.longview.org,"International non-profit organization","Technical ; Governance",Funding,,"United Kingdom ; London ; USA ; Remote",yes,"Transversal > Financing","Longview Philanthropy provides grantmaking services to donors who want to do the most good possible with their giving.",2024-05-24T08:08:00+00:00,https://notion.so/ecae0b543e734fce9b40cffea2bfbb15
241,"Los Alamos National Laboratory (LANL)",https://www.lanl.gov,"Research institute / lab / network",Technical,"Research ; Technology development","Pathogen surveillance ; Rapid diagnostics ; Therapeutics ; Epidemiology ; Supply chain disruption ; Biological weapons","USA ; Los Alamos NM",no,"Response > Medical countermeasures","The Los Alamos National Laboratory, established in 1943, is a U.S. research institution focused on national security and scientific innovation. The LANL has a biosecurity agenda.",2024-11-21T16:23:00+00:00,https://notion.so/ff645ca72a5444dcb2a663f365768fbe
83,"Mammoth Biosciences",https://mammoth.bio,"For-profit company",Technical,"Research ; Technology development","Therapeutics ; Rapid diagnostics ; Synthetic biology","USA ; San Francisco CA",no,"Response > Medical countermeasures","Mammoth Biosciences develops in vivo CRISPR gene-editing therapies using its compact CRISPR systems. It also maintains the DETECTR platform for rapid, programmable molecular diagnostics.",2024-04-05T09:16:00+00:00,https://notion.so/594048fb00fb4e6e925847fb8505e89f
285,"Manifund Biosecurity",https://manifund.org/causes/biosec,"International non-profit organization","Technical ; Governance",Funding,,"Global ; Remote",yes,"Transversal > Financing","Manifund is an online funding platform that supports projects across effective-altruist cause areas through direct grants and regranting. Its dedicated biosecurity portfolio funds work on catastrophic biological risks, including pandemic prevention, surveillance, synthesis screening, protective technologies, and field building.",2026-07-26T16:35:00+00:00,https://notion.so/3a94061a75b78177a987e08407519d97
153,"Market Shaping Accelerator",https://www.marketshapingaccelerator.org,"Research institute / lab / network","Governance ; Technical",Funding,Vaccines,"USA ; Chicago IL ; Remote ; Global ; Washington DC",yes,"Transversal > Financing","The Market Shaping Accelerator is a joint initiative of the Center for Global Development, Dartmouth College and the University of Chicago. It advances market-shaping tools such as advance market commitments to accelerate innovation for high-social-value challenges, including vaccines and other global-health technologies.",2024-05-24T08:15:00+00:00,https://notion.so/23c29534652241f3a735b73c616ce2e5
78,"Max Planck Institute for Infection Biology",https://www.mpiib-berlin.mpg.de/2285/en,"Research institute / lab / network",Technical,Research,"Epidemiology ; Therapeutics","Europe (excl. UK) ; Germany ; Berlin",no,"Response > Medical countermeasures","The Max Planck Institute for Infection Biology focuses on understanding how microbes cause disease and how hosts respond to this challenge.",2024-04-05T08:53:00+00:00,https://notion.so/ed55da9b236d4198b7ea4b7da6212855
107,Merck,https://www.merck.com,"For-profit company",Technical,"Technology development ; Research","Therapeutics ; Vaccines ; Antimicrobial resistance","Global ; Europe (excl. UK) ; North America (excl. US) ; South America ; North Africa ; Sub-Saharan Africa ; Middle East ; East Asia & Pacific ; Central Asia ; South Asia ; USA ; United Kingdom",no,"Response > Medical countermeasures","Merck & Co is an American multinational pharmaceutical company that develops and produces medicines, vaccines, biologic therapies and animal health products.",2024-04-19T07:56:00+00:00,https://notion.so/5a5806eed0494d96b71a33325cc4db2d
252,"Mirror Biology Dialogues Fund",https://www.mbdialogues.org,"International non-profit organization","Governance ; Technical","Outreach & Advocacy ; Funding ; Coordination","Synthetic biology","Global ; Remote",yes,"Transversal > Coordination","The Mirror Biology Dialogues Fund supports efforts to understand risks and develop governance frameworks for mirror biology research before it becomes technically feasible to create mirror life.",2025-04-23T18:46:00+00:00,https://notion.so/1de4061a75b78098b0cad6e29fd91728
239,"MIT Lincoln Laboratory",https://www.ll.mit.edu,"Research institute / lab / network",Technical,"Research ; Technology development","Biological weapons ; Rapid diagnostics ; Digital detection ; Therapeutics ; Epidemiology","USA ; Lexington MA",no,"Response > Medical countermeasures","The MIT Lincoln Laboratory, established in 1951 and operated by MIT for the U.S. Department of Defense, focuses on advanced technology solutions for national security. Its Biotechnology and Human Systems Division enhances disaster response, addresses climate change impacts, strengthens defenses against biological and chemical threats, and advances public health.",2024-11-21T15:51:00+00:00,https://notion.so/874c3b09cd1c4525b753999f95c8e95e
98,Moderna,https://www.modernatx.com,"For-profit company",Technical,"Technology development ; Research","Vaccines ; Therapeutics","Global ; Europe (excl. UK) ; East Asia & Pacific ; North America (excl. US) ; South Asia ; United Kingdom ; USA",no,"Response > Medical countermeasures","Moderna is a pharmaceutical and biotechnology company that focuses on RNA therapeutics, primarily mRNA vaccines.",2024-04-19T07:29:00+00:00,https://notion.so/921472606b6542d2a04db20bcd597ca0
182,"National Institutes of Health (NIH)",https://www.nih.gov,Government,Technical,"Research ; Funding",,"USA ; Bethesda MD",no,"Transversal > Financing","NIH’s mission is to seek fundamental knowledge about the nature and behavior of living systems and the application of that knowledge to enhance health, lengthen life, and reduce illness and disability.",2024-08-03T13:01:00+00:00,https://notion.so/f64b4f68dc824fb58cc2abe4e82e0507
183,"National Security Commission on Emerging Biotechnology (NSCEB)",https://www.biotech.senate.gov,Government,Governance,"Policy development","Dual-use research of concern ; AI x Bio risks ; Synthetic biology ; Biological weapons",USA,no,"Prevention > Controlling knowledge","The National Security Commission on Emerging Biotechnology is a temporary U.S. legislative-branch advisory commission examining how biotechnology affects national security. It delivered its final report and policy recommendations to Congress in April 2025 and, under its statutory mandate, is scheduled to dissolve 18 months after that publication.",2024-08-03T13:13:00+00:00,https://notion.so/129f46869c404a41b0a70cbdb6a9455e
172,"Newsletter - American Biological Safety Association (ABSA)",https://absa.org/blog,Media,"Technical ; Governance","Outreach & Advocacy","Lab biosafety","USA ; Chicago IL",no,"Transversal > Information","Blog updates from ABSA International, the professional association for biosafety and biosecurity practitioners, covering laboratory biosafety practice, biorisk management standards, training and member news.",2024-06-23T16:20:00+00:00,https://notion.so/2cc7cb1af4bc49cb9e332016740acfdd
174,"Newsletter - Biomedical Advanced Research and Development Authority (BARDA)",https://cloud.connect.hhs.gov/barda,Media,"Technical ; Governance","Outreach & Advocacy","Vaccines ; Therapeutics ; Rapid diagnostics ; Personal protective equipment ; Antimicrobial resistance ; Pathogen surveillance","USA ; Washington DC",no,"Transversal > Information","Official updates from the US Biomedical Advanced Research and Development Authority on its medical countermeasure programmes, including vaccines, therapeutics and diagnostics for pandemic and CBRN threats.",2024-06-23T16:28:00+00:00,https://notion.so/0a244303a6754035b0fb599f31a2c681
175,"Newsletter - CBW Events",https://cbw-events.us14.list-manage.com/subscribe?u=e2a39b7f5aabb66c4dbacff71&id=f7d08622fc,Media,Governance,Coordination,"Biological weapons","Global ; Remote",no,"Prevention > Preventing production & release","CBW Events is a project to create a record of events to enable and encourage understanding of how policies on the issues relating to chemical and biological warfare (CBW) and its prevention are developed. This mailing list provides daily reports from Bioweapons Convention meetings.",2024-06-23T16:34:00+00:00,https://notion.so/dd434e46b60f4b83b6e725a2954057d6
167,"Newsletter - Center for Infectious Disease Research and Policy (CIDRAP)",https://www.cidrap.umn.edu/newsletter,Media,"Technical ; Governance","Outreach & Advocacy","Vaccines ; Antimicrobial resistance ; Epidemiology ; Supply chain disruption","USA ; Minneapolis MN",no,"Transversal > Information","CIDRAP offers six email newsletters: Today's CIDRAP News, Infectious Disease Roundup, Public Health Alerts, Antimicrobial Stewardship, Chronic Wasting Disease and Wildlife Interface.",2024-06-23T15:54:00+00:00,https://notion.so/398302c34694450ca7e24bdf6b0c66d0
173,"Newsletter - Council on Strategic Risks (CSR)",https://councilonstrategicrisks.org/csr-newsletter/,Media,Governance,"Outreach & Advocacy","Biological weapons","USA ; Washington DC",yes,"Transversal > Information","Updates and happenings across the Council on Strategic Risks: climate issues, nuclear topics, biological threats and more.",2024-06-23T16:25:00+00:00,https://notion.so/dc6d7f23fb1f4a688d6cb7f6cdd0de7f
180,"Newsletter - Force of Infection",https://forceofinfection.com,Media,"Technical ; Governance","Outreach & Advocacy","Epidemiology ; Pathogen surveillance ; Antimicrobial resistance","USA ; Baltimore",no,"Transversal > Information","Force of Infection is a newsletter by epidemiologist Caitlin Rivers covering outbreaks, public health and infectious-disease policy.",2024-06-23T16:53:00+00:00,https://notion.so/1860dd8ca4684dddbe0fa9f6750cda5e
31,"Newsletter - GCBR Organization Updates",https://gcbrupdates.substack.com,Media,"Technical ; Governance","Outreach & Advocacy",,"Global ; Remote",yes,"Transversal > Information","A digest collecting public updates from organisations working on global catastrophic biological risks, summarising new outputs, funding rounds and upcoming events across the field.",2024-03-01T15:54:00+00:00,https://notion.so/272caa6d0c7d4d9e954064d7b459c4c9
168,"Newsletter - Global Biodefense updates",https://globalbiodefense.us18.list-manage.com/subscribe?u=74107ac38117836163484be2a&id=c593ecbb6d,Media,"Technical ; Governance","Outreach & Advocacy","Pathogen surveillance ; Rapid diagnostics ; Vaccines ; Biological weapons ; Crisis management","Global ; Remote",no,"Transversal > Information","Global Biodefense gives you the latest news and insights on health security from pathogens, emerging infectious diseases and CBRN agents.",2024-06-23T15:59:00+00:00,https://notion.so/610d493c1f934ea1b787b9f4fb4a6f04
165,"Newsletter - Health Security Decoded",https://centerforhealthsecurity.org/our-work/health-security-decoded,Media,"Technical ; Governance","Outreach & Advocacy",,"USA ; Baltimore",no,"Transversal > Information","Health Security Decoded is a monthly roundup from the Johns Hopkins Center for Health Security covering leading news and developments in health security and pandemic preparedness, together with updates from the Center.",2024-06-23T15:41:00+00:00,https://notion.so/c6ffffd297754ddca232c8a53d250c9c
170,"Newsletter - Nuclear Threat Initiative (NTI)",https://www.nti.org/subscribe,Media,Governance,"Outreach & Advocacy","Biological weapons ; Dual-use research of concern ; AI x Bio risks ; DNA synthesis","USA ; Washington DC",yes,"Transversal > Information","Monthly updates and alerts on progress to reduce the global threats from nuclear, biological and chemical weapons.",2024-06-23T16:15:00+00:00,https://notion.so/ecc38f2c9fe44edca6e65cf9b2d0d2b5
179,"Newsletter - SynBioBeta",https://www.synbiobeta.com/signup,Media,"Technical ; Governance","Outreach & Advocacy","Synthetic biology","USA ; San Francisco CA",no,"Transversal > Information","SynBioBeta's newsletter covers synthetic biology, AI×bio, biomanufacturing, policy, career opportunities and member content, alongside updates about SynBioBeta events.",2024-06-23T16:49:00+00:00,https://notion.so/03cbc354011d4f32ab9c218b4b6d6902
171,"Newsletter - The Bipartisan Commission on Biodefense",https://www.atlanticcouncil.org/programs/scowcroft-center-for-strategy-and-security/bipartisan-commission-on-biodefense/,Media,"Technical ; Governance","Outreach & Advocacy",,"USA ; Washington DC",no,"Transversal > Information","Updates from the Bipartisan Commission on Biodefense, now an initiative of the Atlantic Council's Scowcroft Center for Strategy and Security, covering reports, testimony, events and policy recommendations on U.S. biodefense.",2024-06-23T16:17:00+00:00,https://notion.so/189678c9f0664e53a8778afe9b37a8cf
176,"Newsletter - The Century of Biology",https://centuryofbio.com,Media,"Technical ; Governance","Outreach & Advocacy",,"USA ; San Francisco CA",no,"Transversal > Information","1. Data/Research: explain important scientific and technologic advances as they happen 2. Companies/Strategy/Analysis: in-depth analysis of companies, and broader strategy writing 3. Philosophy: outlining why it is a moral and aesthetic imperative to pursue biotechnology.",2024-06-23T16:36:00+00:00,https://notion.so/81b6e3259476466391bbebaeddc0e793
169,"Newsletter - The Pandora Report",https://pandorareport.org,Media,"Technical ; Governance","Outreach & Advocacy","Biological weapons ; Crisis management ; Pathogen surveillance ; Dual-use research of concern ; AI x Bio risks","USA ; Washington DC",no,"Transversal > Information","The Pandora Report is a weekly newsletter that provides news and analysis on biodefense and global health security. The newsletter is produced by the Biodefense Graduate Program at the Schar School of Policy and Government at George Mason University.",2024-06-23T16:08:00+00:00,https://notion.so/c5b5b965736b41108641c4c40bcdc055
221,Nextstrain,https://nextstrain.org,"Research institute / lab / network",Technical,Research,"Pathogen surveillance ; Epidemiology","USA ; Europe (excl. UK) ; Switzerland ; Seattle WA ; Basel ; Remote",no,"Detection > Early warning","Nextstrain is an open-source project providing real-time snapshots of evolving pathogens. They use interactive visualizations to enable exploration of curated datasets and analyses which are continually updated when new genomes are available.",2024-10-12T09:43:00+00:00,https://notion.so/85ef14b9487443daa90a8fd138a272f4
45,"Nolan Center at the Council on Strategic Risks (CSR)",https://councilonstrategicrisks.org/nolan/,"National non-profit organization",Governance,"Policy development ; Outreach & Advocacy ; Education & Career","Biological weapons","USA ; Washington DC",yes,"Prevention > Preventing production & release","The Council on Strategic Risks (CSR) is a nonprofit, non-partisan security policy institute devoted to anticipating, analyzing and addressing core systemic risks to security in the 21st century, with special examination of the ways in which these risks intersect and exacerbate one another. The CSR runs the International Mid-Career Biosecurity Fellowship and the Mid-Career Biodefense Bootcamp Fellowship. The Janne E. Nolan Center on Strategic Weapons (The Nolan Center) is a non-partisan institute of CSR that explores threat reduction opportunities related to the development, diffusion and use of strategic weapons in a challenging security landscape.",2024-03-15T09:46:00+00:00,https://notion.so/d398218ded654e58be7f997dab2aa589
105,Novavax,https://www.novavax.com,"For-profit company",Technical,"Technology development ; Research",Vaccines,"USA ; Europe (excl. UK) ; Gaithersburg MD",no,"Response > Medical countermeasures","Novavax is an American biotechnology company that develops vaccines to counter serious infectious diseases. They are currently working on vaccines for COVID-19, influenza, and malaria.",2024-04-19T07:46:00+00:00,https://notion.so/4f209c3fde084153a87d66b9b7b841c6
73,"Nuclear Threat Initiative | bio (NTI.bio)",https://www.nti.org/area/biological,"Think tank",Governance,"Research ; Policy development ; Outreach & Advocacy","Biological weapons ; Dual-use research of concern","USA ; Washington DC",yes,"Prevention > Preventing production & release","NTI Global Biological Policy and Programs (NTI | bio) works to build international capacity to prevent catastrophic biological events. We advance this work by strengthening biotechnology governance and biosecurity internationally; bolstering international capabilities to prevent bioweapons development and use by states; driving progress in advancing global health security capacity; and developing the next generation of biosecurity experts.",2024-04-02T17:26:00+00:00,https://notion.so/5961ace83edf46fcbdb675c43fa91846
228,"Observatorio de Riesgos Catastróficos Globales (ORCG)",https://www.orcg.info,"International non-profit organization",Governance,"Policy development ; Outreach & Advocacy ; Research","AI x Bio risks ; Pathogen surveillance ; Digital detection ; Crisis management ; Supply chain disruption","North America (excl. US) ; Mexico ; South America ; Colombia ; Europe (excl. UK) ; Spain ; Madrid ; Remote",yes,Response,"ORCG is a scientific diplomacy organization that works to improve the management of global risks in Spanish-speaking countries. To achieve our mission, they connect decision makers with experts and develop evidence-based publications.",2024-10-23T16:02:00+00:00,https://notion.so/5d9bceaf961749168acf95572711b9b4
59,OpenAeros,https://www.openaeros.com,"For-profit company",Technical,"Technology development","Personal protective equipment ; Indoor air quality","USA ; Minneapolis MN",no,"Response > Non-medical countermeasures","OpenAeros aims to develop open source and low-cost tools to ensure that life-saving respiratory health measures are working as effectively as possible.",2024-03-29T09:42:00+00:00,https://notion.so/2104d7fb70ef429e82f882c1d0b19d45
155,"Oxford Biosecurity Group",https://oxfordbiosecuritygroup.com/,"Research institute / lab / network","Technical ; Governance","Research ; Education & Career",,"Global ; Remote ; United Kingdom ; Oxford",yes,"Transversal > Education","Oxford Biosecurity Group (OBG) is a volunteer-led research community that runs 8–12-week, remote-first biosecurity projects in partnership with organizations in the field. Projects help participants build skills and produce practical research outputs; no project cycle is currently running, and OBG plans to review its talent pool for 2027.",2024-05-24T08:43:00+00:00,https://notion.so/a8e1d1bf53d64779b31d6fce7b19b493
274,"Pax Sapiens",https://paxsapiens.org,"International non-profit organization","Governance ; Technical","Funding ; Coordination","Epidemiology ; Pathogen surveillance","Global ; Europe (excl. UK) ; East Asia & Pacific ; USA ; Austria ; China ; Washington DC ; Broomfield CO ; Beijing ; Vienna",yes,"Transversal > Financing","Pax Sapiens aims to prevent predictable global catastrophes like global pandemics, US / China conflict, or nuclear risk through the creation of new systems of collective coordination that promise a more peaceful world.",2026-07-14T10:10:00+00:00,https://notion.so/39d4061a75b7813eadbad243dc5ffff9
222,"Peace Research Institute Frankfurt (PRIF) • Biological and Chemical Disarmament and Security Research Group",https://www.prif.org/en/research/biological-and-chemical-disarmament-and-security,"Research institute / lab / network",Governance,"Research ; Policy development","Dual-use research of concern ; Biological weapons ; Lab biosafety","Europe (excl. UK) ; Germany ; Frankfurt",no,"Prevention > Preventing production & release","The PRIF analyzes the causes of international and intrastate conflicts and look for ways to resolve them. The research group analyzes the prohibitions of chemical and biological weapons in an interdisciplinary approach that includes perspectives from political science, international law and the natural sciences.",2024-10-12T10:16:00+00:00,https://notion.so/f0c75bf3840f4bd5a9e264ac48f268bf
74,Perimeter,https://www.perimeter.bio,"For-profit company",Technical,"Technology development","Rapid diagnostics ; Pathogen surveillance ; Digital detection ; Epidemiology ; AI x Bio risks","USA ; Boston MA",yes,Detection,"Perimeter is an independent biosecurity company that provides always-on biothreat infrastructure. Its Biothreat Radar combines global sampling and pathogen sequencing, computational biology, AI-enabled analysis, epidemiological forecasting and decision support to help governments and other organizations detect, characterize and respond to biological threats.",2024-04-02T17:58:00+00:00,https://notion.so/a5ce39fe976248ed84e5cebe51bcaf7b
113,Pfizer,https://www.pfizer.com,"For-profit company",Technical,"Technology development ; Research","Vaccines ; Therapeutics ; Antimicrobial resistance","Global ; Europe (excl. UK) ; North America (excl. US) ; South America ; North Africa ; Middle East ; East Asia & Pacific ; Central Asia ; South Asia ; United Kingdom ; USA",no,"Response > Medical countermeasures","Pfizer is an American multinational pharmaceutical and biotechnology corporation. Alongside BioNTech, they are responsible for the Pfizer–BioNTech COVID-19 mRNA vaccine.",2024-04-19T08:07:00+00:00,https://notion.so/519c29a711ab4f10962775ccad4d8e40
104,"Pivotal Research",https://www.pivotal-research.org,"Research institute / lab / network","Technical ; Governance","Research ; Education & Career","AI x Bio risks ; Dual-use research of concern","United Kingdom ; London",yes,"Transversal > Education","Pivotal (ex Swiss Existential Risk Initiative / CHERI) is committed to understanding and reducing global catastrophic risks, especially those arising from advanced artificial intelligence and biotechnology. By supporting exceptional talent poised to make significant contributions to reducing these risks, they set the stage for important research and policy work. In doing so, they aim for a brighter and safer world for everyone.",2024-04-19T07:43:00+00:00,https://notion.so/d4a76428f8094d59a0aee86a3951654d
126,"Podcast - Hear This Idea",https://hearthisidea.com,Media,"Technical ; Governance","Outreach & Advocacy ; Education & Career",,"Global ; Remote",yes,"Transversal > Information","Good ideas for big problems. Hear This Idea is a podcast about ideas for solving important problems, and the people trying to figure them out. ",2024-04-26T07:55:00+00:00,https://notion.so/5bca531a27f44a46a94849fb359be3ce
133,"Podcast - The 80,000 Hours Podcast",https://80000hours.org/podcast,Media,"Technical ; Governance","Education & Career",,"United Kingdom ; London ; Remote",yes,"Transversal > Education","In-depth conversations about the world’s most pressing problems and what you can do to solve them. They have several episodes tagged ""Catastrophic Pandemics” or ""Biorisk strategy & policy”.",2024-05-10T09:08:00+00:00,https://notion.so/13d5ea5a45744fa4b7c3fea44b41ecee
184,PopVax,https://popvax.com,"For-profit company",Technical,"Technology development ; Research","Vaccines ; Therapeutics","South Asia ; India ; Hyderabad",no,"Response > Medical countermeasures","PopVax is an Indian full-stack biotechnology company with more than 100 employees. It uses machine learning and integrated discovery, development and manufacturing capabilities to develop vaccines and cancer immunotherapies.",2024-08-03T13:35:00+00:00,https://notion.so/0284260722084121bf3c33b57a7bfd4b
130,"Pour Demain",https://www.pourdemain.ngo/en,"Think tank",Governance,"Policy development","DNA synthesis ; Indoor air quality ; Pathogen surveillance","Europe (excl. UK) ; Switzerland ; Bern ; Berlin ; Germany ; Brussels ; Belgium",yes,"Response > Non-medical countermeasures","Pour Demain is a Swiss nonprofit think tank that develops evidence-based policy proposals on neglected issues and facilitates exchange between science, politics and civil society. Biosecurity was a formal area of action from 2022 to 2025, and the organization continues work on nucleic-acid synthesis screening.",2024-04-26T08:20:00+00:00,https://notion.so/fae866b6a6a245d891a17b81e1aabb2e
233,RAND,https://www.rand.org/,"Think tank",Governance,"Research ; Policy development ; Outreach & Advocacy","Biological weapons ; Crisis management ; Epidemiology","Global ; USA ; Europe (excl. UK) ; United Kingdom ; Belgium ; Australia ; Netherlands ; Santa Monica CA ; Pittsburgh PA ; Boston MA ; Cambridge ; Brussels ; Canberra ; Rotterdam",yes,Detection,"RAND is a research organization that develops solutions to public policy challenges to help make communities throughout the world safer and more secure, healthier and more prosperous. It brings together expertise in public health systems, biosecurity and biotechnology, pandemic response and health to develop and evaluate strategies, test novel solutions in health surveillance and strengthen the future public health system.",2024-11-09T15:54:00+00:00,https://notion.so/17cfc630d1994ce9b5347142e300aefa
260,"Red Queen Bio",https://www.redqueen.bio,"For-profit company",Technical,"Research ; Technology development","AI x Bio risks ; Synthetic biology ; Therapeutics ; Biological weapons",USA,yes,"Response > Medical countermeasures","Red Queen Bio is an AI biosecurity company that works with frontier AI companies to map AI-enabled biothreats and pre-build medical countermeasures, using a compute-scalable pipeline of frontier models, lab automation, RL, and on-demand biologics manufacturing.",2026-05-21T15:30:00+00:00,https://notion.so/3674061a75b78165827bd86b9d67d679
195,"Resilience Action Network International (rani)",https://rani.co,"International non-profit organization",Governance,"Outreach & Advocacy ; Coordination","Crisis management ; Vaccines ; Supply chain disruption ; Pathogen surveillance","Global ; Remote",no,Response,"Rani (formerly the Pandemic Action Network) is a global advocacy network of over 400 global multi-sector organizations. They aim to forsee emerging threats and make societies better prepared to tackle health, climate, and economic shifts. This include humanity being better prepared to deal with outbreaks and prevent a deadly and costly pandemic from happening again.",2024-08-22T13:02:00+00:00,https://notion.so/c6d877a5cd184b97bae61b032004e585
141,"Robert Koch Institute (RKI)",https://www.rki.de/EN,"Research institute / lab / network","Technical ; Governance","Research ; Policy development","Pathogen surveillance ; Antimicrobial resistance ; Biological weapons ; Rapid diagnostics ; Crisis management","Europe (excl. UK) ; Germany ; Berlin",no,"Response > Medical countermeasures","RKI is Germany’s public health institute. They investigate disease and health on all levels: from viruses in human cells to obesity in the population. RKI scientists collect data on non-communicable diseases, on infectious diseases and (new) biological dangers. On this basis, they develop policy recommendations and preventive strategies.",2024-05-10T11:50:00+00:00,https://notion.so/a7a0ec60951e454896a3ad36da48e03e
114,Roche,https://www.roche.com,"For-profit company",Technical,"Technology development ; Research","Therapeutics ; Rapid diagnostics ; Antimicrobial resistance","Global ; Europe (excl. UK) ; North America (excl. US) ; South America ; North Africa ; Sub-Saharan Africa ; Middle East ; East Asia & Pacific ; Central Asia ; South Asia ; United Kingdom ; USA",no,"Response > Medical countermeasures","Roche is a Swiss multinational healthcare company. One of their focus areas is on Infectious Diseases.",2024-04-19T08:20:00+00:00,https://notion.so/ccd748cf2d36498ea7ee1da3bd25499a
238,"RTX BBN Technologies",https://www.rtx.com/what-we-do/bbn-technologies,"For-profit company",Technical,"Technology development","Synthetic biology ; DNA synthesis ; Rapid diagnostics","USA ; Cambridge MA",no,"Prevention > Preventing production & release","RTX BBN Technologies, a subsidiary of RTX Corporation, specializes in research and development across domains such as quantum engineering, artificial intelligence, and cybersecurity. BBN has notably contributed to advancements like the ARPANET and quantum cryptography. They are now partly focused on synthetic biology, including DNA synthesis security screening.",2024-11-21T15:12:00+00:00,https://notion.so/28622c290ea048e1909d4296181eb20b
251,"Sabeti Lab",https://www.sabetilab.org,"Research institute / lab / network",Technical,Research,"Pathogen surveillance ; Rapid diagnostics ; Therapeutics ; Epidemiology","USA ; Cambridge MA",no,"Response > Medical countermeasures","This lab, led by Dr. Pardis Sabeti at the Broad Institute of MIT and Harvard, is a team of scientists, mathematicians, public health professionals, and educators working to stop the next infectious disease outbreak before it starts. They are developing new ways to track outbreaks, diagnose diseases, and uncover fundamental biology.",2024-12-12T16:08:00+00:00,https://notion.so/b4172eea47194eb29c9116d804b94c1f
283,"Safely Bio",https://safely.bio,"For-profit company",Technical,"Technology development","DNA synthesis","United Kingdom ; Cambridge",yes,"Prevention > Preventing production & release","Safely Bio develops Verify, a customer-screening product for DNA-synthesis providers that combines identity, sanctions, legitimacy, and order checks in an auditable workflow. The company has also evaluated the system on more than 100,000 legitimate profiles and 10,000 synthetic attacker profiles and publishes its screening methodology and performance claims.",2026-07-26T16:35:00+00:00,https://notion.so/3a94061a75b781e495d3c44e431baa2f
287,SAIFbio,https://saifbio.org,"International non-profit organization","Technical ; Governance","Funding ; Coordination","AI x Bio risks ; DNA synthesis ; Pathogen surveillance ; Indoor air quality ; Personal protective equipment ; Vaccines ; Therapeutics","Global ; USA",yes,"Transversal > Coordination","SAIFbio is a 501(c)(3) nonprofit that mobilizes philanthropy, science, and policy to prevent, detect, and defend against catastrophic biological threats. It serves as a biosecurity clearinghouse and helps steward the Bio Action Plan, a coordinated five-year $2.5B strategy spanning synthesis safeguards, early warning, protective technologies, and medical countermeasures.",2026-07-26T16:53:00+00:00,https://notion.so/3a94061a75b78171be74d48e6d26c669
245,"Sandia National Laboratories (SNL)",https://sandia.gov,"Research institute / lab / network","Governance ; Technical","Research ; Education & Career ; Policy development ; Technology development","Dual-use research of concern ; Biological weapons ; Lab biosafety ; Pathogen surveillance ; Rapid diagnostics ; Therapeutics ; Antimicrobial resistance","USA ; Albuquerque NM ; Livermore CA",no,Detection,"Sandia National Laboratories, established in 1949, is a U.S. research institution dedicated to national security, which includes a research area on biodefense. In addition, its Global Chemical and Biological Security (GCBS) program focuses on reducing chemical and biological threats worldwide by promoting the responsible use of related materials, strengthening security capacities, and improving risk mitigation strategies.",2024-11-21T17:26:00+00:00,https://notion.so/e28131fc7f3c49a7b862d1876184f1f0
128,"Sculpting Evolution Group (Esvelt Lab) @ MIT Media Lab",https://www.sculptingevolution.org,"National non-profit organization",Technical,Research,"DNA synthesis ; Pathogen surveillance ; Therapeutics","USA ; Cambridge MA",yes,"Response > Medical countermeasures","We are committed biotechnologists who: • Catalyze beneficial advances by applying robotics and machine learning to evolve new molecular tools and techniques • Apply molecules, models, and cryptography to defend against pandemics and prevent the catastrophic misuse of biotechnology • Work with the guidance of interested communities to safely and humanely edit wild populations and ecosystems.",2024-04-26T08:10:00+00:00,https://notion.so/63da00d3ef26408a958c52a34b4e53a9
14,SecureBio,https://securebio.org,"Research institute / lab / network","Technical ; Governance","Technology development ; Policy development ; Research","Pathogen surveillance ; Dual-use research of concern ; AI x Bio risks","USA ; Cambridge MA",yes,"Response > Non-medical countermeasures","SecureBio's in-house team of researchers and technologists work with experts in academia, industry and government to develop new technologies and policy proposals to delay, detect, and defend against any catastrophic pandemic, whether natural or engineered.",2024-03-01T13:26:00+00:00,https://notion.so/942ac338fbf34e5282b5f540656ddead
129,"SecureBio Detection",https://securebio.org/detection,"Research institute / lab / network",Technical,"Technology development ; Research","Pathogen surveillance ; Dual-use research of concern","USA ; Cambridge MA",yes,"Detection > Early warning","SecureBio Detection (formerly the Nucleic Acid Observatory), as part of SecureBio, aims to design new disease surveillance methods capable of detecting any pandemic threat. They are particularly focused on pathogens that – whether through natural evolution or deliberate engineering – may evade existing or near-future surveillance systems focused on known pathogens of concern.",2024-04-26T08:15:00+00:00,https://notion.so/d79f7565d55a4c94883ca2e66630866d
157,SecureDNA,https://securedna.org,"International non-profit organization",Technical,"Research ; Technology development","DNA synthesis","Europe (excl. UK) ; Switzerland ; Basel",yes,"Prevention > Preventing production & release","SecureDNA is a free, non-profit screening platform designed to safeguard DNA synthesis everywhere. SecureDNA allows synthesis companies to verifiably screen all DNA synthesis and makes it virtually impossible for hazardous DNA to be obtained without authorization.",2024-05-24T14:35:00+00:00,https://notion.so/f65659290aa24557a75fb24e1e7c0750
250,Sentinel,https://blog.sentinel-team.org,"International non-profit organization",Governance,"Outreach & Advocacy ; Research","Crisis management","Remote ; Global",yes,"Transversal > Information","Sentinel is a foresight team and emergency response team seeking to anticipate & react to large-scale catastrophes, particularly those of a speculative nature.",2024-12-12T15:53:00+00:00,https://notion.so/d365493145f44736a432320a7ba605c8
181,"Sentinel Bio",https://sentinelbio.org,"International non-profit organization","Technical ; Governance",Funding,"Pathogen surveillance ; AI x Bio risks ; DNA synthesis ; Synthetic biology ; Indoor air quality ; Personal protective equipment","USA ; Washington DC",yes,"Transversal > Financing","Sentinel Bio finds, funds, and scales solutions to prevent biosecurity risks and respond to pandemics, across three areas: • Understanding the drivers of catastrophic pandemics • Strengthening safeguards on advanced biotechnologies • Bolstering global pandemic preparedness.",2024-07-09T12:11:00+00:00,https://notion.so/ee61676ba01a42a18432249eb96d40b9
282,"SPAR Biosecurity Track",https://sparai.org,"International non-profit organization","Technical ; Governance","Research ; Education & Career",,"Global ; Remote",yes,"Transversal > Education","Supervised Program for Alignment Research (SPAR) is a virtual research mentorship program run by Kairos that pairs aspiring researchers with mentors on technical and governance projects addressing frontier AI risks. Its Spring 2026 round includes 13 biosecurity projects on synthesis screening, pathogen surveillance, high-containment research, information hazards, AI-enabled biological-risk evaluations, and mirror biology.",2026-07-26T16:34:00+00:00,https://notion.so/3a94061a75b781b4a114d5147c651613
187,"Stanford Existential Risk Initiative (SERI)",https://seri.stanford.edu,"Research institute / lab / network","Technical ; Governance","Research ; Education & Career",,"Global ; Remote ; USA ; Stanford CA",yes,"Transversal > Education","Working to preserve the future of humanity. Existential risks, or global catastrophic risks, are risks that could cause the collapse of human civilization.",2024-08-03T14:05:00+00:00,https://notion.so/421b860f9bb140fc8d2113e8a1374887
226,"Stockholm International Peace Research Institute (SIPRI)",https://www.sipri.org,"Think tank",Governance,"Research ; Policy development ; Outreach & Advocacy","Biological weapons ; Dual-use research of concern","Europe (excl. UK) ; Sweden ; Stockholm",no,"Prevention > Preventing production & release","SIPRI is an independent international institute dedicated to research into conflict, armaments, arms control and disarmament. Established in 1966, SIPRI provides data, analysis and recommendations, based on open sources, to policymakers, researchers, media and the interested public. Some of its activities are focused on chemical and biological weapons.",2024-10-23T15:24:00+00:00,https://notion.so/2e5a1cbc708c424c90cbe98b9bdff101
189,"Survival & Flourishing Fund",https://survivalandflourishing.fund,"For-profit company","Technical ; Governance",Funding,,"Global ; Remote",yes,"Transversal > Financing","The Survival and Flourishing Fund (SFF) is a virtual fund that organizes grant-recommendation processes for donors seeking to support projects that improve humanity's long-term survival and flourishing. It evaluates proposals and makes grant recommendations rather than acting as an independent grantmaker.",2024-08-03T14:23:00+00:00,https://notion.so/36123ec668f64e42ac2eacec50cc778e
253,"The Pandemic Center",https://pandemics.sph.brown.edu,"Research institute / lab / network",Governance,"Policy development ; Research ; Outreach & Advocacy ; Education & Career","Pathogen surveillance ; Indoor air quality ; Vaccines ; Epidemiology ; Crisis management","USA ; Providence RI ; Washington DC",yes,"Transversal > Education","The Pandemic Center at the Brown University School of Public Health works to reduce vulnerabilities and increase resilience to pandemics and other biological emergencies. From offices in Providence and Washington, DC, it conducts research, policy and training and runs the Biosecurity Game Changers and Global Biothreats Reduction fellowships.",2025-04-23T18:51:00+00:00,https://notion.so/1de4061a75b780c1bcd8fa1f1a5b99a9
268,"The Pandemic Fund",https://www.thepandemicfund.org,"Intergovernmental entity","Governance ; Technical","Funding ; Coordination","Epidemiology ; Vaccines ; Therapeutics ; Pathogen surveillance ; Personal protective equipment","Global ; South America ; North Africa ; Sub-Saharan Africa ; Middle East ; East Asia & Pacific ; South Asia ; Washington DC",no,"Transversal > Financing","The Pandemic Fund finances critical investments to strengthen pandemic prevention, preparedness, and response capacities at national, regional, and global levels, with a focus on low- and middle-income countries.",2026-07-13T08:23:00+00:00,https://notion.so/39c4061a75b7812bafceceb5c2625efd
278,"The Pandemic Institute",https://thepandemicinstitute.org,"National non-profit organization",Technical,"Research ; Funding ; Education & Career","Pathogen surveillance ; Rapid diagnostics ; Vaccines ; Therapeutics ; Crisis management","United Kingdom ; Liverpool",yes,Response,"The Pandemic Institute is a Liverpool-based collaboration of academic, healthcare, civic, and industrial partners dedicated to predicting, preparing for, and responding to emerging infections and pandemic threats.",2026-07-17T09:14:00+00:00,https://notion.so/3a04061a75b78121b78cf9ef92c9cfb5
219,"The Unjournal",https://www.unjournal.org,"International non-profit organization","Technical ; Governance",Research,,"Remote ; Global",yes,"Transversal > Information","The Unjournal is making research better by evaluating what really matters. It aims to make rigorous research more impactful and impactful research more rigorous. They provide a database of prioritized research with potential for impact.",2024-10-12T09:28:00+00:00,https://notion.so/92e7f6522ae24fd0a9c875b17e9074d3
138,"The WHO Hub for Pandemic and Epidemic Intelligence (WHO Pandemic Hub)",https://pandemichub.who.int,"Intergovernmental entity","Technical ; Governance",Coordination,"Pathogen surveillance ; Antimicrobial resistance ; Crisis management","Europe (excl. UK) ; Germany ; Berlin",no,"Transversal > Coordination","This WHO Hub’s mission is to improve data, analytics and decision-making to minimize the impacts of pandemic and epidemic threats. It supports countries to strengthen their capacity to detect, monitor and manage current and future public health threats.",2024-05-10T10:26:00+00:00,https://notion.so/31097532b5e54b0b982ff77197ec18f6
269,"UNICEF Supply Division",https://www.unicef.org/supply,"Intergovernmental entity",Governance,Coordination,"Vaccines ; Personal protective equipment ; Therapeutics ; Crisis management ; Supply chain disruption","Global ; Europe (excl. UK)",no,"Transversal > Coordination","UNICEF Supply Division is a global supply and logistics hub overseeing procurement and distribution networks to deliver essential medical countermeasures. It acts as the world's largest single vaccine buyer, leveraging a global cold chain infrastructure to ensure access to immunizations and emergency medical supplies during pandemic responses",2026-07-13T08:45:00+00:00,https://notion.so/39c4061a75b781bd9085ce0497682e66
57,"United Nations Institute for Disarmament Research (UNIDIR)",https://unidir.org,"Intergovernmental entity",Governance,"Research ; Policy development ; Outreach & Advocacy ; Education & Career","Biological weapons","Europe (excl. UK) ; Geneva",yes,"Prevention > Preventing production & release","UNIDIR is an autonomous institution within the United Nations that conducts independent research on pressing global challenges related to disarmament, arms control and international security. Its chemical and biological weapons work strengthens prohibition and treaty regimes through research, dialogue, digital tools and biosecurity education.",2024-03-15T09:56:00+00:00,https://notion.so/42b8c0cbe0f748989cbc599352d7e100
200,"United Nations Office for Disarmament Affairs (UNODA)",https://disarmament.unoda.org,"Intergovernmental entity",Governance,"Policy development ; Coordination ; Education & Career","Biological weapons","Geneva ; Switzerland ; Europe (excl. UK) ; Vienna ; New York City ; USA ; Global",no,"Transversal > Coordination","The Office for Disarmament Affairs supports multilateral efforts aimed at achieving the ultimate goal of general and complete disarmament under strict and effective international control. Weapons of mass destruction, in particular nuclear weapons, continue to be of primary concern owing to their destructive power and the threat that they pose to humanity. They also run the Youth for Biosecurity Fellowship.",2024-10-12T08:14:00+00:00,https://notion.so/11d4061a75b780f3adbbd3cf073902ac
197,"United Nations Office for Disaster Risk Reduction (UNDRR)",https://www.undrr.org/,"Intergovernmental entity",Governance,"Policy development ; Coordination","Crisis management","Geneva ; Switzerland ; Europe (excl. UK)",no,"Transversal > Coordination","The UNDRR convenes partners and coordinates activities to create safer, more resilient communities.",2024-10-12T08:10:00+00:00,https://notion.so/11d4061a75b7803181b2f34bad7028b9
203,"United States Office of Pandemic Preparedness and Response Policy (OPPR)",https://bidenwhitehouse.archives.gov/oppr,Government,Governance,"Policy development ; Coordination","Crisis management ; Pathogen surveillance ; Vaccines ; Therapeutics ; Rapid diagnostics ; Personal protective equipment ; Supply chain disruption","USA ; Washington DC",no,"Transversal > Coordination","The Office of Pandemic Preparedness and Response Policy (OPPR) is a legally established office within the Executive Office of the President responsible for coordinating federal policy on pandemic preparedness and biological threats. After being largely unstaffed from mid-2025, it resumed limited operations in 2026 with sharply reduced capacity.",2024-10-12T08:23:00+00:00,https://notion.so/11d4061a75b780cdbffee81006bfe258
259,Valthos,https://valthos.com,"For-profit company",Technical,"Research ; Technology development","Biological weapons ; Therapeutics ; Pathogen surveillance ; Digital detection ; AI x Bio risks","USA ; San Francisco CA ; New York City",yes,"Response > Medical countermeasures","Valthos develops frontier AI systems that identify biological threats and design medical countermeasures in real time.",2026-05-21T15:27:00+00:00,https://notion.so/3674061a75b781d5b462daf856dc80ac
85,"Vir Biotechnology",https://www.vir.bio,"For-profit company",Technical,"Research ; Technology development","Therapeutics ; Vaccines","USA ; San Francisco CA",no,"Response > Medical countermeasures","Vir Biotechnology is a clinical-stage biopharmaceutical company developing medicines for serious infectious diseases and cancer. Its current lead programmes focus on chronic hepatitis delta and oncology, with preclinical HIV-cure research, while its hepatitis B, influenza, COVID-19 and HPV programmes are available for partnering or out-licensing.",2024-04-05T09:22:00+00:00,https://notion.so/24f7a734f200438bb9baf7d05365656a
92,"Wellcome Sanger Institute",https://www.sanger.ac.uk,"Research institute / lab / network",Technical,Research,"Pathogen surveillance ; Epidemiology ; Rapid diagnostics ; Synthetic biology","United Kingdom ; Cambridge",no,Detection,"The Wellcome Sanger Institute is a non-profit British genomics and genetics research institute. Its current biosecurity-relevant work includes the Parasites and Microbes Programme, generative genomics and large-scale pathogen research, while its former Genomic Surveillance Unit was disbanded in 2026 following a strategic shift toward discovery science.",2024-04-19T07:19:00+00:00,https://notion.so/bea5dbdaeb8b4b759cfdf1c8e03a3795
267,"Wellcome Trust",https://wellcome.org,"International non-profit organization",Technical,Funding,"Vaccines ; Therapeutics ; Antimicrobial resistance ; Epidemiology","Global ; United Kingdom ; London",no,"Transversal > Financing","The Wellcome Trust is a major global charitable foundation that funds health research, with an explicit strategic focus on combating infectious diseases and managing pandemic risks.",2026-07-13T08:03:00+00:00,https://notion.so/39c4061a75b781c98be3dd480720eab0
77,"Wyss Institute @ Harvard University",https://wyss.harvard.edu,"Research institute / lab / network",Technical,"Research ; Technology development","Vaccines ; Therapeutics ; Rapid diagnostics ; Indoor air quality ; Synthetic biology ; Antimicrobial resistance","USA ; Boston MA",no,"Response > Non-medical countermeasures","Harvard-affiliated bioengineering institute developing biologically inspired technologies, including rapid diagnostics, organ-on-chip platforms and pathogen-detection tools relevant to pandemic preparedness.",2024-04-05T08:39:00+00:00,https://notion.so/84c12367d276460295832a5ce9af9e19
288,"Zurich Biosecurity Hub",https://zurichbiosecurity.ch,"National non-profit organization","Technical ; Governance","Outreach & Advocacy ; Education & Career","AI x Bio risks ; Synthetic biology ; Biological weapons ; Pathogen surveillance ; Indoor air quality ; Personal protective equipment ; DNA synthesis","Europe (excl. UK) ; Switzerland ; Zurich",yes,"Transversal > Education","The Zurich Biosecurity Hub (ZHBH) helps people in Switzerland enter work on global catastrophic biological risks. It runs public lectures, a structured fellowship, a monthly paper-reading group, career advising, and access to a biosecurity coworking community.",2026-09-14T15:55:00+00:00,https://notion.so/3db4061a75b781a090dcc8398992ac23
